"Zimbabwe"	"Chronicle"	"United States of America"	"170"
"Zimbabwe"	"Chronicle"	"South Africa"	"134"
"Zimbabwe"	"Chronicle"	"Nigeria"	"134"
"Zimbabwe"	"Chronicle"	"United Kingdom"	"64"
"Zimbabwe"	"Chronicle"	"Ukraine"	"64"
"Zimbabwe"	"Chronicle"	"Kenya"	"62"
"Zimbabwe"	"Chronicle"	"Israel"	"62"
"Zimbabwe"	"Chronicle"	"Syria"	"61"
"Zimbabwe"	"Chronicle"	"Libya"	"55"
"Zimbabwe"	"Chronicle"	"India"	"54"
"Zimbabwe"	"Chronicle"	"Iraq"	"49"
"Zimbabwe"	"Chronicle"	"Sudan"	"46"
"Zimbabwe"	"Chronicle"	"China"	"45"
"Zimbabwe"	"Chronicle"	"Burundi"	"44"
"Zimbabwe"	"Chronicle"	"Vatican"	"44"
"Zimbabwe"	"Chronicle"	"Egypt"	"43"
"Zimbabwe"	"Chronicle"	"Zambia"	"32"
"Zimbabwe"	"Chronicle"	"France"	"32"
"Zimbabwe"	"Chronicle"	"Pakistan"	"28"
"Zimbabwe"	"Chronicle"	"Sierra Leone"	"28"
"Zimbabwe"	"Chronicle"	"Malaysia"	"25"
"Zimbabwe"	"Chronicle"	"Malawi"	"25"
"Zimbabwe"	"Chronicle"	"Somalia"	"25"
"Zimbabwe"	"Chronicle"	"Lesotho"	"24"
"Zimbabwe"	"Chronicle"	"Iran"	"23"
"Zimbabwe"	"Chronicle"	"Australia"	"22"
"Zimbabwe"	"Chronicle"	"Tunisia"	"20"
"Zimbabwe"	"Chronicle"	"Rwanda"	"19"
"Zimbabwe"	"Chronicle"	"Japan"	"18"
"Zimbabwe"	"Chronicle"	"Mozambique"	"17"
"Zimbabwe"	"Chronicle"	"Germany"	"16"
"Zimbabwe"	"Chronicle"	"Uganda"	"16"
"Zimbabwe"	"Chronicle"	"Afghanistan"	"16"
"Zimbabwe"	"Chronicle"	"South Sudan"	"15"
"Zimbabwe"	"Chronicle"	"Italy"	"13"
"Zimbabwe"	"Chronicle"	"Ethiopia"	"13"
"Zimbabwe"	"Chronicle"	"Yemen"	"13"
"Zimbabwe"	"Chronicle"	"Cameroon"	"12"
"Zimbabwe"	"Chronicle"	"Tanzania"	"12"
"Zimbabwe"	"Chronicle"	"Mexico"	"12"
"Zimbabwe"	"Chronicle"	"Namibia"	"12"
"Zimbabwe"	"Chronicle"	"Guinea"	"12"
"Zimbabwe"	"Chronicle"	"Niger"	"11"
"Zimbabwe"	"Chronicle"	"Cuba"	"11"
"Zimbabwe"	"Chronicle"	"Nepal"	"10"
"Zimbabwe"	"Chronicle"	"Mali"	"10"
"Zimbabwe"	"Chronicle"	"Liberia"	"10"
"Zimbabwe"	"Chronicle"	"Saudi Arabia"	"10"
"Zimbabwe"	"Chronicle"	"North Korea"	"9"
"Zimbabwe"	"Chronicle"	"Botswana"	"9"
"Zimbabwe"	"Chronicle"	"Thailand"	"9"
"Zimbabwe"	"Chronicle"	"Spain"	"8"
"Zimbabwe"	"Chronicle"	"Indonesia"	"8"
"Zimbabwe"	"Chronicle"	"Algeria"	"8"
"Zimbabwe"	"Chronicle"	"Ghana"	"8"
"Zimbabwe"	"Chronicle"	"Morocco"	"7"
"Zimbabwe"	"Chronicle"	"Congo"	"7"
"Zimbabwe"	"Chronicle"	"Burkina Faso"	"7"
"Zimbabwe"	"Chronicle"	"Turkey"	"7"
"Zimbabwe"	"Chronicle"	"Togo"	"7"
"Zimbabwe"	"Chronicle"	"South Korea"	"7"
"Zimbabwe"	"Chronicle"	"Chad"	"6"
"Zimbabwe"	"Chronicle"	"Colombia"	"5"
"Zimbabwe"	"Chronicle"	"Taiwan"	"5"
"Zimbabwe"	"Chronicle"	"Brazil"	"5"
"Zimbabwe"	"Chronicle"	"Philippines"	"5"
"Zimbabwe"	"Chronicle"	"Gambia"	"5"
"Zimbabwe"	"Chronicle"	"Chile"	"4"
"Zimbabwe"	"Chronicle"	"Madagascar"	"4"
"Zimbabwe"	"Chronicle"	"Lebanon"	"4"
"Zimbabwe"	"Chronicle"	"Belgium"	"4"
"Zimbabwe"	"Chronicle"	"Switzerland"	"4"
"Zimbabwe"	"Chronicle"	"Central African Republic"	"3"
"Zimbabwe"	"Chronicle"	"Papua New Guinea"	"3"
"Zimbabwe"	"Chronicle"	"Sri Lanka"	"3"
"Zimbabwe"	"Chronicle"	"Swaziland"	"3"
"Zimbabwe"	"Chronicle"	"Hong Kong"	"3"
"Zimbabwe"	"Chronicle"	"Venezuela"	"3"
"Zimbabwe"	"Chronicle"	"Angola"	"3"
"Zimbabwe"	"Chronicle"	"Haiti"	"3"
"Zimbabwe"	"Chronicle"	"Myanmar"	"3"
"Zimbabwe"	"Chronicle"	"Senegal"	"3"
"Zimbabwe"	"Chronicle"	"New Zealand"	"3"
"Zimbabwe"	"Chronicle"	"Argentina"	"3"
"Zimbabwe"	"Chronicle"	"Qatar"	"2"
"Zimbabwe"	"Chronicle"	"Singapore"	"2"
"Zimbabwe"	"Chronicle"	"Greece"	"2"
"Zimbabwe"	"Chronicle"	"Mauritania"	"2"
"Zimbabwe"	"Chronicle"	"United Arab Emirates"	"2"
"Zimbabwe"	"Chronicle"	"Denmark"	"2"
"Zimbabwe"	"Chronicle"	"Cambodia"	"2"
"Zimbabwe"	"Chronicle"	"Belarus"	"2"
"Zimbabwe"	"Chronicle"	"Sweden"	"2"
"Zimbabwe"	"Chronicle"	"Bangladesh"	"2"
"Zimbabwe"	"Chronicle"	"Serbia"	"1"
"Zimbabwe"	"Chronicle"	"Bolivia"	"1"
"Zimbabwe"	"Chronicle"	"Croatia"	"1"
"Zimbabwe"	"Chronicle"	"Fiji"	"1"
"Zimbabwe"	"Chronicle"	"Jordan"	"1"
"Zimbabwe"	"Chronicle"	"Guinea-Bissau"	"1"
"Zimbabwe"	"Chronicle"	"Mauritius"	"1"
"Zimbabwe"	"Chronicle"	"Solomon Islands"	"1"
"Zimbabwe"	"Chronicle"	"Gabon"	"1"
"Zimbabwe"	"Chronicle"	"Portugal"	"1"
"Zimbabwe"	"Chronicle"	"Armenia"	"1"
"Zimbabwe"	"Chronicle"	"Cyprus"	"1"
"Zimbabwe"	"Chronicle"	"Benin"	"1"
"Zimbabwe"	"Chronicle"	"Finland"	"1"
"Zimbabwe"	"Chronicle"	"Malta"	"1"
"Zimbabwe"	"Chronicle"	"Canada"	"1"
"Zimbabwe"	"Chronicle"	"Nauru"	"1"
